Park Code,Park Name,Scientific Name,Common Names,Family
GWCA,George Washington Carver National Monument,Panicum acuminatum var. acuminatum,"tapered rosette grass, Huachuca panic, tapered rosette grass, western panicgrass, hotsprings panicum, hotsprings rosette grass, tapered rosette grass",
GWCA,George Washington Carver National Monument,Panicum oligosanthes var. oligosanthes,"Heller's rosette grass, fewanther obscuregrass, Heller's rosette grass",
GWCA,George Washington Carver National Monument,Panicum sphaerocarpon var. sphaerocarpon,"roundseed panicgrass, roundseed panicum",
GWCA,George Washington Carver National Monument,Rorippa palustris ssp. glabra var. fernaldiana,,
GWCA,George Washington Carver National Monument,Alisma subcordatum,"American water plantain, southern water plantain, waterplaintain",Alismataceae
GWCA,George Washington Carver National Monument,Sagittaria latifolia,broadleaf arrowhead,Alismataceae
GWCA,George Washington Carver National Monument,Arisaema dracontium,"green dragon, greendragon",Araceae
GWCA,George Washington Carver National Monument,Lemna minor,"common duckweed, least duckweed, lesser duckweed",Araceae
GWCA,George Washington Carver National Monument,Spirodela polyrhiza,giant duckweed,Araceae
GWCA,George Washington Carver National Monument,Wolffia brasiliensis,Brazilian watermeal,Araceae
GWCA,George Washington Carver National Monument,Potamogeton crispus,"curly pondweed, curly-leaved pondweed",Potamogetonaceae
GWCA,George Washington Carver National Monument,Zannichellia palustris,"horned pondweed, horned poolmat, horned-pondweed",Potamogetonaceae
GWCA,George Washington Carver National Monument,Chaerophyllum tainturieri,hairyfruit chervil,Apiaceae
GWCA,George Washington Carver National Monument,Cicuta maculata,"common water hemlock, poison parsnip, spotted cowbane, spotted parsley, spotted water hemlock, spotted waterhemlock, spotted water-hemlock, water hemlock",Apiaceae
GWCA,George Washington Carver National Monument,Conium maculatum,"cigue maculee, cigue tachetee, deadly hemlock, poison hemlock, poison parsley, poison-hemlock",Apiaceae
GWCA,George Washington Carver National Monument,Cryptotaenia canadensis,"Canadian honewort, honewort",Apiaceae
GWCA,George Washington Carver National Monument,Daucus carota,"bird's nest, Queen Anne's lace, wild carrot",Apiaceae
GWCA,George Washington Carver National Monument,Daucus pusillus,"American wild carrot, rattlesnake carrot, rattlesnake weed, southwest wild carrot",Apiaceae
GWCA,George Washington Carver National Monument,Eryngium yuccifolium,button eryngo,Apiaceae
GWCA,George Washington Carver National Monument,Osmorhiza longistylis,"aniseroot, longstyle sweetroot",Apiaceae
GWCA,George Washington Carver National Monument,Ptilimnium nuttallii,"laceflower, Nuttall's mockbishopweed",Apiaceae
GWCA,George Washington Carver National Monument,Sanicula canadensis,"Canada sanicle, Canadian blacksnakeroot",Apiaceae
GWCA,George Washington Carver National Monument,Sanicula odorata,"cluster sanicle, clustered blacksnakeroot",Apiaceae
GWCA,George Washington Carver National Monument,Torilis arvensis,"erect hedgeparsley, hedgeparsley, spreading hedgeparsley",Apiaceae
GWCA,George Washington Carver National Monument,Zizia aurea,"golden alexanders, golden zizia",Apiaceae
GWCA,George Washington Carver National Monument,Hedera helix,English ivy,Araliaceae
GWCA,George Washington Carver National Monument,Ilex decidua,possumhaw,Aquifoliaceae
GWCA,George Washington Carver National Monument,Allium canadense,meadow garlic,Amaryllidaceae
GWCA,George Washington Carver National Monument,Allium stellatum,"autumn onion, prairie onion",Amaryllidaceae
GWCA,George Washington Carver National Monument,Allium vineale,wild garlic,Amaryllidaceae
GWCA,George Washington Carver National Monument,Narcissus pseudonarcissus,"common daffodil, daffodil",Amaryllidaceae
GWCA,George Washington Carver National Monument,Nothoscordum bivalve,crowpoison,Amaryllidaceae
GWCA,George Washington Carver National Monument,Camassia scilloides,Atlantic camas,Asparagaceae
GWCA,George Washington Carver National Monument,Polygonatum biflorum,"King Solomon's seal, King Solomon's-seal, smooth Solomon's seal, Solomon's seal",Asparagaceae
GWCA,George Washington Carver National Monument,Polygonatum biflorum var. commutatum,"king Solomon's seal, King Solomon's-seal, smooth Solomon's seal",Asparagaceae
GWCA,George Washington Carver National Monument,Iris germanica,"German iris, orris",Iridaceae
GWCA,George Washington Carver National Monument,Sisyrinchium angustifolium,"blueeyed grass, blue-eyed grass, common blue-eyed grass, common blue-eyedgrass, narrowleaf blue-eyed grass",Iridaceae
GWCA,George Washington Carver National Monument,Sisyrinchium campestre,"prairie blueeyed grass, prairie blue-eyed grass",Iridaceae
GWCA,George Washington Carver National Monument,Platanthera lacera var. lacera,green fringed orchid,Orchidaceae
GWCA,George Washington Carver National Monument,Spiranthes cernua,"common ladies' tresses, nodding ladiestresses, nodding ladies'-tresses, nodding lady's tresses, white nodding ladies'-tresses",Orchidaceae
GWCA,George Washington Carver National Monument,Spiranthes lacera,"northern slender ladies'-tresses, northern slender lady's tresses, slender ladiestresses",Orchidaceae
GWCA,George Washington Carver National Monument,Achillea millefolium,"western yarrow, common yarrow, common yarrow, milfoil yarrow, rosy yarrow, yarrow",Asteraceae
GWCA,George Washington Carver National Monument,Ambrosia artemisiifolia,"annual ragweed, common ragweed, ragweed",Asteraceae
GWCA,George Washington Carver National Monument,Ambrosia bidentata,lanceleaf ragweed,Asteraceae
GWCA,George Washington Carver National Monument,Ambrosia psilostachya,"Cuman ragweed, perennial ragweed, western ragweed",Asteraceae
GWCA,George Washington Carver National Monument,Ambrosia trifida,"blood ragweed, giant ragweed, great ragweed, horseweed, perennial ragweed, tall ragweed, Texan great ragweed",Asteraceae
GWCA,George Washington Carver National Monument,Amphiachyris dracunculoides,prairie broomweed,Asteraceae
GWCA,George Washington Carver National Monument,Arctium minus,"beggar's button, burdock, common burdock, lesser burdock, lesser burrdock, small burdock, smaller burdock, wild burdock, wild rhubarb",Asteraceae
GWCA,George Washington Carver National Monument,Artemisia ludoviciana,"cudweed sagewort, gray sagewort, Louisiana sagewort, Louisiana wormwood, mugwort wormwood, prairie sage, white sagebrush",Asteraceae
GWCA,George Washington Carver National Monument,Aster cordifolius var. sagittifolius,swordleaf wood aster,Asteraceae
GWCA,George Washington Carver National Monument,Aster drummondii,Drummond's aster,Asteraceae
GWCA,George Washington Carver National Monument,Aster ericoides,"heath aster, white aster, white heath aster",Asteraceae
GWCA,George Washington Carver National Monument,Aster lanceolatus,white panicle aster,Asteraceae
GWCA,George Washington Carver National Monument,Aster oolentangiensis,skyblue aster,Asteraceae
GWCA,George Washington Carver National Monument,Aster patens,late purple aster,Asteraceae
GWCA,George Washington Carver National Monument,Aster pilosus,"white oldfield aster, white oldfield aster",Asteraceae
GWCA,George Washington Carver National Monument,Aster praealtus,willowleaf aster,Asteraceae
GWCA,George Washington Carver National Monument,Aster urophyllus,white arrow aster,Asteraceae
GWCA,George Washington Carver National Monument,Bidens aristosa,"bearded beggarticks, long-bracted beggar-ticks, tickseed sunflower",Asteraceae
GWCA,George Washington Carver National Monument,Bidens bipinnata,"Spanish needles, spanish-needles",Asteraceae
GWCA,George Washington Carver National Monument,Bidens cernua,"bur marigold, nodding beggartick, nodding beggarticks, nodding bur marigold, nodding burmarigold, nodding bur-marigold, nodding burr-marigold, sticktight",Asteraceae
GWCA,George Washington Carver National Monument,Bidens frondosa,"bur marigold, devil's beggartick, devil's beggarticks, devil's bootjack, devil's-pitchfork, pitchfork weed, sticktight, sticktights, tickseed sunflower",Asteraceae
GWCA,George Washington Carver National Monument,Boltonia asteroides var. latisquama,"white doll's daisy, white doll's-daisy",Asteraceae
GWCA,George Washington Carver National Monument,Brickellia eupatorioides,false boneset,Asteraceae
GWCA,George Washington Carver National Monument,Carduus nutans,"chardon penche, musk thistle, nodding plumeless thistle, nodding plumeless-thistle, nodding thistle, plumeless thistle",Asteraceae
GWCA,George Washington Carver National Monument,Chrysopsis pilosa,soft goldenaster,Asteraceae
GWCA,George Washington Carver National Monument,Cirsium altissimum,"roadside thistle, tall thistle",Asteraceae
GWCA,George Washington Carver National Monument,Cirsium discolor,field thistle,Asteraceae
GWCA,George Washington Carver National Monument,Cirsium undulatum,"gray thistle, wavyleaf thistle, wavy-leaf thistle",Asteraceae
GWCA,George Washington Carver National Monument,Cirsium vulgare,"bull thistle, common thistle, spear thistle",Asteraceae
GWCA,George Washington Carver National Monument,Conoclinium coelestinum,blue mistflower,Asteraceae
GWCA,George Washington Carver National Monument,Conyza canadensis,"Canada horseweed, Canadian horseweed, horseweed, horseweed fleabane, mares tail, marestail",Asteraceae
GWCA,George Washington Carver National Monument,Coreopsis grandiflora,"bigflower coreopsis, largeflower tickseed",Asteraceae
GWCA,George Washington Carver National Monument,Coreopsis tripteris,"Atlantic coreopsis, tall tickseed",Asteraceae
GWCA,George Washington Carver National Monument,Echinacea pallida,"pale echinacea, pale purple coneflower, purple coneflower",Asteraceae
GWCA,George Washington Carver National Monument,Echinacea purpurea,"eastern purple coneflower, purple coneflower",Asteraceae
GWCA,George Washington Carver National Monument,Eclipta prostrata,"eclipta, false daisy, yerba de tago, yerba de tajo",Asteraceae
GWCA,George Washington Carver National Monument,Elephantopus carolinianus,"Carolina elephantsfoot, leafy elephantfoot",Asteraceae
GWCA,George Washington Carver National Monument,Erechtites hieracifolia,"American burnweed, American burnweed",Asteraceae
GWCA,George Washington Carver National Monument,Erigeron annuus,"annual fleabane, eastern daisy fleabane",Asteraceae
GWCA,George Washington Carver National Monument,Erigeron philadelphicus,"Philadelphia daisy, Philadelphia fleabane",Asteraceae
GWCA,George Washington Carver National Monument,Erigeron strigosus,"daisy fleabane, prairie fleabane, rough fleabane",Asteraceae
GWCA,George Washington Carver National Monument,Eupatorium altissimum,white snakeroot,Asteraceae
GWCA,George Washington Carver National Monument,Eupatorium coelestinum,blue mistflower,Asteraceae
GWCA,George Washington Carver National Monument,Eupatorium rugosum,"richweed, snakeroot, white snakeroot",Asteraceae
GWCA,George Washington Carver National Monument,Eupatorium serotinum,"late eupatorium, lateflowering thoroughwort",Asteraceae
GWCA,George Washington Carver National Monument,Galinsoga quadriradiata,shaggy soldier,Asteraceae
GWCA,George Washington Carver National Monument,Gamochaeta purpurea,"catfoot, chafe weed, everlasting, purple cudweed, rabbit tobacco, spoonleaf purple everlasting",Asteraceae
GWCA,George Washington Carver National Monument,Gnaphalium obtusifolium,,Asteraceae
GWCA,George Washington Carver National Monument,Helenium amarum,yellowdicks,Asteraceae
GWCA,George Washington Carver National Monument,Helenium autumnale,common sneezeweed,Asteraceae
GWCA,George Washington Carver National Monument,Helenium flexuosum,purplehead sneezeweed,Asteraceae
GWCA,George Washington Carver National Monument,Helianthus grosseserratus,"sawtooth sunflower, saw-tooth sunflower",Asteraceae
GWCA,George Washington Carver National Monument,Helianthus hirsutus,hairy sunflower,Asteraceae
GWCA,George Washington Carver National Monument,Helianthus maximiliani,Maximilian sunflower,Asteraceae
GWCA,George Washington Carver National Monument,Helianthus mollis,ashy sunflower,Asteraceae
GWCA,George Washington Carver National Monument,Helianthus tuberosus,"girasole, Jerusalem artichoke, Jerusalem sunflower, Jerusalem-artichoke",Asteraceae
GWCA,George Washington Carver National Monument,Heliopsis helianthoides,"heliopsis, smooth oxeye, smooth oxeye",Asteraceae
GWCA,George Washington Carver National Monument,Hieracium longipilum,"hairy hawkweed, longbeard hawkweed",Asteraceae
GWCA,George Washington Carver National Monument,Iva annua,"annual marsh elder, annual marshelder, annual marsh-elder, seacoast sumpweed",Asteraceae
GWCA,George Washington Carver National Monument,Krigia caespitosa,weedy dwarfdandelion,Asteraceae
GWCA,George Washington Carver National Monument,Krigia dandelion,"potato dwarfdandelion, tuber dandelion, tuber dwarfdandelion",Asteraceae
GWCA,George Washington Carver National Monument,Krigia virginica,Virginia dwarfdandelion,Asteraceae
GWCA,George Washington Carver National Monument,Lactuca canadensis,"Canada lettuce, Florida blue lettuce, wild lettuce",Asteraceae
GWCA,George Washington Carver National Monument,Lactuca floridana,"Florida lettuce, woodland lettuce",Asteraceae
GWCA,George Washington Carver National Monument,Lactuca saligna,"willowleaf lettuce, willow-leaf lettuce",Asteraceae
GWCA,George Washington Carver National Monument,Lactuca serriola,"China lettuce, prickly lettuce, wild lettuce",Asteraceae
GWCA,George Washington Carver National Monument,Leucanthemum vulgare,"oxeye daisy, ox-eye daisy, marguerite, oxeye daisy, ox-eye daisy",Asteraceae
GWCA,George Washington Carver National Monument,Liatris pycnostachya,"cattail gayfeather, prairie blazing star",Asteraceae
GWCA,George Washington Carver National Monument,Matricaria discoidea,"disc mayweed, pineappleweed",Asteraceae
GWCA,George Washington Carver National Monument,Pyrrhopappus carolinianus,"Carolina desert chicory, Carolina desert-chicory, Carolina false dandelion, Carolina false-dandelion",Asteraceae
GWCA,George Washington Carver National Monument,Ratibida pinnata,"grayhead prairieconeflower, pinnate prairie coneflower",Asteraceae
GWCA,George Washington Carver National Monument,Rudbeckia hirta,"blackeyed Susan, black-eyed Susan",Asteraceae
GWCA,George Washington Carver National Monument,Rudbeckia subtomentosa,sweet coneflower,Asteraceae
GWCA,George Washington Carver National Monument,Rudbeckia triloba,browneyed Susan,Asteraceae
GWCA,George Washington Carver National Monument,Senecio obovatus,"round-leaf groundsel, roundleaf ragwort",Asteraceae
GWCA,George Washington Carver National Monument,Silphium integrifolium,wholeleaf rosinweed,Asteraceae
GWCA,George Washington Carver National Monument,Silphium laciniatum,compassplant,Asteraceae
GWCA,George Washington Carver National Monument,Silphium perfoliatum,cup plant,Asteraceae
GWCA,George Washington Carver National Monument,Solidago altissima,"Canada goldenrod, Canadian goldenrod",Asteraceae
GWCA,George Washington Carver National Monument,Solidago canadensis,"Canada goldenrod, Canadian goldenrod",Asteraceae
GWCA,George Washington Carver National Monument,Solidago gigantea,giant goldenrod,Asteraceae
GWCA,George Washington Carver National Monument,Solidago hispida,hairy goldenrod,Asteraceae
GWCA,George Washington Carver National Monument,Solidago missouriensis,"Missouri goldenrod, prairie goldenrod, Tolmie's goldenrod",Asteraceae
GWCA,George Washington Carver National Monument,Solidago nemoralis var. nemoralis,"dyersweed goldenrod, gray goldenrod",Asteraceae
GWCA,George Washington Carver National Monument,Solidago radula,"rough goldenrod, western rough goldenrod",Asteraceae
GWCA,George Washington Carver National Monument,Taraxacum officinale,"common dandelion, lesser hawkbit, wandering dandelion",Asteraceae
GWCA,George Washington Carver National Monument,Tragopogon dubius,"common salsify, goat's beard, goatsbeard, meadow goat's-beard, salsifis majeur, salsify, western goat's beard, western salsify, wild oysterplant, yellow goat's beard, yellow salsify",Asteraceae
GWCA,George Washington Carver National Monument,Verbesina alternifolia,wingstem,Asteraceae
GWCA,George Washington Carver National Monument,Verbesina helianthoides,"gravelweed, gravelweed crownbeard",Asteraceae
GWCA,George Washington Carver National Monument,Verbesina virginica,"maritime groundcherry, white crownbeard",Asteraceae
GWCA,George Washington Carver National Monument,Vernonia arkansana,Arkansas ironweed,Asteraceae
GWCA,George Washington Carver National Monument,Vernonia baldwinii,"Baldwin's ironweed, interior ironweed, ironweed, western ironweed",Asteraceae
GWCA,George Washington Carver National Monument,Vernonia missurica,Missouri ironweed,Asteraceae
GWCA,George Washington Carver National Monument,Xanthium strumarium,"Canada cocklebur, Canada cockleburr, cocklebur, common cocklebur, rough cocklebur, rough cockleburr, cocklebur, common cocklebur, rough cocklebur, rough cockleburr, common cocklebur",Asteraceae
GWCA,George Washington Carver National Monument,Lobelia cardinalis,cardinalflower,Campanulaceae
GWCA,George Washington Carver National Monument,Lobelia inflata,"Indian tobacco, Indian-tobacco",Campanulaceae
GWCA,George Washington Carver National Monument,Lobelia siphilitica,great blue lobelia,Campanulaceae
GWCA,George Washington Carver National Monument,Lobelia spicata,"palespike lobelia, pale-spike lobelia, pale-spiked lobelia",Campanulaceae
GWCA,George Washington Carver National Monument,Triodanis biflora,small Venus' looking-glass,Campanulaceae
GWCA,George Washington Carver National Monument,Triodanis perfoliata,"clasping bellwort, clasping Venus' lookingglass, clasping Venus' looking-glass, clasping-leaf Venus' looking-glass, common Venus' lookingglass, roundleaved triodanis",Campanulaceae
GWCA,George Washington Carver National Monument,Buglossoides arvensis,"corn gromwell, corn-gromwell, field gromwell",Boraginaceae
GWCA,George Washington Carver National Monument,Hackelia virginiana,"beggar's-lice, sticktight, virginia stickseed",Boraginaceae
GWCA,George Washington Carver National Monument,Myosotis verna,"largeseed forget-me-not, southern forget-me-not",Boraginaceae
GWCA,George Washington Carver National Monument,Barbarea vulgaris,"garden yellow rocket, garden yellowrocket, winter cress, yellow rocket",Brassicaceae
GWCA,George Washington Carver National Monument,Capsella bursa-pastoris,"shepherdspurse, shepherd's-purse",Brassicaceae
GWCA,George Washington Carver National Monument,Cardamine parviflora var. arenicola,sand bittercress,Brassicaceae
GWCA,George Washington Carver National Monument,Draba brachycarpa,"shortfruited draba, shortpod draba, short-pod whitlowgrass",Brassicaceae
GWCA,George Washington Carver National Monument,Lepidium campestre,"cream-anther field pepperwort, field pepperweed",Brassicaceae
GWCA,George Washington Carver National Monument,Lepidium densiflorum,"common peppergrass, common pepperweed, miner's pepperwort",Brassicaceae
GWCA,George Washington Carver National Monument,Lepidium virginicum,"poorman's-pepperwort, Virginia pepperweed",Brassicaceae
GWCA,George Washington Carver National Monument,Rorippa nasturtium-aquaticum,watercress,Brassicaceae
GWCA,George Washington Carver National Monument,Rorippa palustris ssp. glabra,,Brassicaceae
GWCA,George Washington Carver National Monument,Rorippa sessiliflora,stalkless yellowcress,Brassicaceae
GWCA,George Washington Carver National Monument,Sibara virginica,"Virginia sibara, Virginia winged rockcress",Brassicaceae
GWCA,George Washington Carver National Monument,Amaranthus albus,"pigweed, pigweed amaranth, prostrate pigweed, tumble pigweed, tumbleweed, white pigweed",Amaranthaceae
GWCA,George Washington Carver National Monument,Amaranthus hybridus,"green pigweed, slim amaranth, smooth amaranth, smooth pigweed",Amaranthaceae
GWCA,George Washington Carver National Monument,Amaranthus retroflexus,"careless weed, redroot amaranth, red-root amaranth, redroot pigweed, rough pigweed",Amaranthaceae
GWCA,George Washington Carver National Monument,Amaranthus rudis,"common waterhemp, tall amaranth",Amaranthaceae
GWCA,George Washington Carver National Monument,Amaranthus spinosus,"pigweed, spiny amaranth",Amaranthaceae
GWCA,George Washington Carver National Monument,Chenopodium album,"common lambsquarters, lambsquarters, lambsquarters goosefoot, white goosefoot",Amaranthaceae
GWCA,George Washington Carver National Monument,Chenopodium ambrosioides,Mexican tea,Amaranthaceae
GWCA,George Washington Carver National Monument,Chenopodium berlandieri,"netseed lambsquarters, pigseed goosefoot, pitseed goosefoot, pit-seed goosefoot",Amaranthaceae
GWCA,George Washington Carver National Monument,Chenopodium standleyanum,Standley's goosefoot,Amaranthaceae
GWCA,George Washington Carver National Monument,Arenaria serpyllifolia,thymeleaf sandwort,Caryophyllaceae
GWCA,George Washington Carver National Monument,Cerastium brachypetalum,gray chickweed,Caryophyllaceae
GWCA,George Washington Carver National Monument,Cerastium brachypodum,"bractpod chickweed, mouse-ear chickweed, shortstalk chickweed, short-stalk mouse-ear chickweed",Caryophyllaceae
GWCA,George Washington Carver National Monument,Cerastium glomeratum,sticky chickweed,Caryophyllaceae
GWCA,George Washington Carver National Monument,Dianthus armeria,Deptford pink,Caryophyllaceae
GWCA,George Washington Carver National Monument,Holosteum umbellatum,jagged chickweed,Caryophyllaceae
GWCA,George Washington Carver National Monument,Saponaria officinalis,"bouncing bet, bouncingbet, bouncingbet soapweed, soapwort, sweet Betty",Caryophyllaceae
GWCA,George Washington Carver National Monument,Silene regia,royal catchfly,Caryophyllaceae
GWCA,George Washington Carver National Monument,Silene stellata,"whorled catchfly, widowsfrill",Caryophyllaceae
GWCA,George Washington Carver National Monument,Stellaria media,common chickweed,Caryophyllaceae
GWCA,George Washington Carver National Monument,Mollugo verticillata,"carpetweed, carpet-weed, green carpetweed, green carpet-weed, Indian chickweed",Molluginaceae
GWCA,George Washington Carver National Monument,Claytonia virginica,Virginia springbeauty,Montiaceae
GWCA,George Washington Carver National Monument,Mirabilis albida,"mountain four-o'clock, white four o'clock, white four-o'clock",Nyctaginaceae
GWCA,George Washington Carver National Monument,Mirabilis nyctaginea,"heartleaf four o'clock, heart-leaf four-o'clock, heartleaf four-o'clock, heart-leaved four o'clock, wild four-o'clock",Nyctaginaceae
GWCA,George Washington Carver National Monument,Phytolacca americana,American pokeweed,Phytolaccaceae
GWCA,George Washington Carver National Monument,Persicaria hydropiperoides,swamp smartweed,Polygonaceae
GWCA,George Washington Carver National Monument,Polygonum aviculare,"prostrate knotweed, yard knotweed",Polygonaceae
GWCA,George Washington Carver National Monument,Polygonum bicorne,,Polygonaceae
GWCA,George Washington Carver National Monument,Polygonum convolvulus,"black bindweed, wild buckwheat",Polygonaceae
GWCA,George Washington Carver National Monument,Polygonum hydropiper,"annual smartweed, marshpepper knotweed, mild water-pepper",Polygonaceae
GWCA,George Washington Carver National Monument,Polygonum hydropiperoides,swamp smartweed,Polygonaceae
GWCA,George Washington Carver National Monument,Polygonum pensylvanicum,"Pennsylvania knotweed, Pennsylvania smartweed, pinkweed, pinweed",Polygonaceae
GWCA,George Washington Carver National Monument,Polygonum persicaria,"ladysthumb, lady's-thumb, ladysthumb smartweed, spotted knotweed, spotted ladysthumb, spotted smartweed",Polygonaceae
GWCA,George Washington Carver National Monument,Polygonum punctatum,dotted smartweed,Polygonaceae
GWCA,George Washington Carver National Monument,Polygonum ramosissimum,"bushy knotweed, tall knotweed, yellow knotweed, yellow-flower knotweed",Polygonaceae
GWCA,George Washington Carver National Monument,Polygonum scandens,"climbing false buckwheat, climbing knotweed",Polygonaceae
GWCA,George Washington Carver National Monument,Polygonum virginianum,"jumpseed, Virginia smartweed",Polygonaceae
GWCA,George Washington Carver National Monument,Rumex acetosella,"common sheep sorrel, field sorrel, red sorrel, sheep sorrel",Polygonaceae
GWCA,George Washington Carver National Monument,Rumex altissimus,"pale dock, smooth dock",Polygonaceae
GWCA,George Washington Carver National Monument,Rumex crispus,"curly dock, narrowleaf dock, sour dock, yellow dock",Polygonaceae
GWCA,George Washington Carver National Monument,Rumex obtusifolius,"bitter dock, bluntleaf dock",Polygonaceae
GWCA,George Washington Carver National Monument,Celastrus scandens,"American bittersweet, staffvine, waxwork",Celastraceae
GWCA,George Washington Carver National Monument,Euonymus atropurpureus,"eastern wahoo, eastern wahoo, wahoo",Celastraceae
GWCA,George Washington Carver National Monument,Euonymus fortunei,"climbing euonymus, winter creeper",Celastraceae
GWCA,George Washington Carver National Monument,Ceratophyllum demersum,"common hornwort, coon's tail, coon's-tail, coontail, hornwort",Ceratophyllaceae
GWCA,George Washington Carver National Monument,Commelina caroliniana,Carolina dayflower,Commelinaceae
GWCA,George Washington Carver National Monument,Commelina communis,"Asiatic dayflower, common dayflower",Commelinaceae
GWCA,George Washington Carver National Monument,Commelina diffusa,climbing dayflower,Commelinaceae
GWCA,George Washington Carver National Monument,Commelina erecta,"erect dayflower, whitemouth dayflower",Commelinaceae
GWCA,George Washington Carver National Monument,Tradescantia ohiensis,"bluejacket, Ohio spiderwort",Commelinaceae
GWCA,George Washington Carver National Monument,Cornus amomum ssp. obliqua,silky dogwood,Cornaceae
GWCA,George Washington Carver National Monument,Cornus drummondii,roughleaf dogwood,Cornaceae
GWCA,George Washington Carver National Monument,Cornus florida,flowering dogwood,Cornaceae
GWCA,George Washington Carver National Monument,Philadelphus coronarius,sweet mock orange,Hydrangeaceae
GWCA,George Washington Carver National Monument,Nyssa sylvatica,"black gum, black tupelo, blackgum",Nyssaceae
GWCA,George Washington Carver National Monument,Sambucus canadensis,American elder,Adoxaceae
GWCA,George Washington Carver National Monument,Viburnum prunifolium,blackhaw,Adoxaceae
GWCA,George Washington Carver National Monument,Viburnum rufidulum,"rusty blackhaw, rusty viburnum",Adoxaceae
GWCA,George Washington Carver National Monument,Lonicera japonica,"Chinese honeysuckle, Japanese honeysuckle",Caprifoliaceae
GWCA,George Washington Carver National Monument,Symphoricarpos orbiculatus,"buck brush, coralberry, Indiancurrant coralberry",Caprifoliaceae
GWCA,George Washington Carver National Monument,Dipsacus fullonum,"common teasel, Fuller's teasel, teasel, venuscup teasle",Dipsacaceae
GWCA,George Washington Carver National Monument,Valerianella radiata,beaked cornsalad,Valerianaceae
GWCA,George Washington Carver National Monument,Impatiens capensis,"jewelweed, spotted touch-me-not",Balsaminaceae
GWCA,George Washington Carver National Monument,Diospyros virginiana,"common persimmon, eastern persimmon",Ebenaceae
GWCA,George Washington Carver National Monument,Phlox divaricata,"Lapham's phlox, sweetwilliam",Polemoniaceae
GWCA,George Washington Carver National Monument,Lysimachia ciliata,"fringed loosestrife, fringed yellow-loosestrife",Primulaceae
GWCA,George Washington Carver National Monument,Lysimachia lanceolata,lanceleaf loosestrife,Primulaceae
GWCA,George Washington Carver National Monument,Bumelia lanuginosa,gum bully,Sapotaceae
GWCA,George Washington Carver National Monument,Amorpha canescens,"leadplant, leadplant amorpha",Fabaceae
GWCA,George Washington Carver National Monument,Amphicarpaea bracteata,American hogpeanut,Fabaceae
GWCA,George Washington Carver National Monument,Baptisia alba var. macrophylla,largeleaf wild indigo,Fabaceae
GWCA,George Washington Carver National Monument,Cercis canadensis,"eastern redbud, redbud",Fabaceae
GWCA,George Washington Carver National Monument,Chamaecrista fasciculata,"partridge pea, showy partridgepea, sleepingplant, partridge pea, sleepingplant",Fabaceae
GWCA,George Washington Carver National Monument,Dalea candida,"white prairie clover, white prairieclover, white prairie-clover",Fabaceae
GWCA,George Washington Carver National Monument,Dalea purpurea,"purple prairie clover, purple prairieclover, violet dalea, violet prairie clover, violet prairieclover, violet prairie-clover",Fabaceae
GWCA,George Washington Carver National Monument,Desmanthus illinoensis,"Illinois bundleflower, prairie bundleflower",Fabaceae
GWCA,George Washington Carver National Monument,Desmodium canescens,"hoary tickclover, hoary ticktrefoil",Fabaceae
GWCA,George Washington Carver National Monument,Desmodium glutinosum,"largeflower tickclover, pointedleaf ticktrefoil, trefoil tickclover",Fabaceae
GWCA,George Washington Carver National Monument,Desmodium illinoense,"Illinois tickclover, Illinois ticktrefoil",Fabaceae
GWCA,George Washington Carver National Monument,Desmodium nuttallii,Nuttall's ticktrefoil,Fabaceae
GWCA,George Washington Carver National Monument,Desmodium obtusum,"stiff tickclover, stiff ticktrefoil",Fabaceae
GWCA,George Washington Carver National Monument,Desmodium paniculatum,panicledleaf ticktrefoil,Fabaceae
GWCA,George Washington Carver National Monument,Desmodium sessilifolium,"sessile tickclover, sessileleaf tickclover, sessileleaf ticktrefoil",Fabaceae
GWCA,George Washington Carver National Monument,Gleditsia triacanthos,"common honeylocust, honey locust, honeylocust, honey-locust",Fabaceae
GWCA,George Washington Carver National Monument,Gymnocladus dioicus,Kentucky coffeetree,Fabaceae
GWCA,George Washington Carver National Monument,Kummerowia stipulacea,"Korean clover, Korean lespedeza",Fabaceae
GWCA,George Washington Carver National Monument,Kummerowia striata,Japanese clover,Fabaceae
GWCA,George Washington Carver National Monument,Lespedeza capitata,roundhead lespedeza,Fabaceae
GWCA,George Washington Carver National Monument,Lespedeza cuneata,"Chinese lespedeza, sericea lespedeza",Fabaceae
GWCA,George Washington Carver National Monument,Lespedeza procumbens,trailing lespedeza,Fabaceae
GWCA,George Washington Carver National Monument,Lespedeza repens,creeping lespedeza,Fabaceae
GWCA,George Washington Carver National Monument,Lespedeza stuevei,"Stueve's lespedeza, tall lespedeza",Fabaceae
GWCA,George Washington Carver National Monument,Lespedeza violacea,violet lespedeza,Fabaceae
GWCA,George Washington Carver National Monument,Lespedeza virginica,slender lespedeza,Fabaceae
GWCA,George Washington Carver National Monument,Medicago lupulina,"black medic, black medic clover, black medick, hop clover, hop medic, nonesuch, yellow trefoil",Fabaceae
GWCA,George Washington Carver National Monument,Melilotus albus,"Bokhara-clover, honey-clover, white melilot, white sweet-clover",Fabaceae
GWCA,George Washington Carver National Monument,Melilotus officinale,"cornilla real, field melilot, ribbed melilot, yellow sweetclover, yellow sweet-clover",Fabaceae
GWCA,George Washington Carver National Monument,Orbexilum pedunculatum,"babyroot scurfpea, Sampson's snakeroot",Fabaceae
GWCA,George Washington Carver National Monument,Robinia pseudoacacia,"black locust, false acacia, yellow locust",Fabaceae
GWCA,George Washington Carver National Monument,Schrankia nuttallii,,Fabaceae
GWCA,George Washington Carver National Monument,Securigera varia,"crownvetch, purple crownvetch, purple crown-vetch, Varia crownvetch",Fabaceae
GWCA,George Washington Carver National Monument,Senna marilandica,"Maryland senna, wild senna",Fabaceae
GWCA,George Washington Carver National Monument,Strophostyles helvula,"trailing fuzzybean, trailing wild-bean, Trailing wildbean",Fabaceae
GWCA,George Washington Carver National Monument,Strophostyles leiosperma,"slickseed fuzzybean, slick-seed fuzzy-bean, smoothseed wildbean",Fabaceae
GWCA,George Washington Carver National Monument,Stylosanthes biflora,"endbeak pencilflower, sidebeak pencilflower",Fabaceae
GWCA,George Washington Carver National Monument,Tephrosia virginiana,Virginia tephrosia,Fabaceae
GWCA,George Washington Carver National Monument,Trifolium arvense,"hairy clover, hare's foot clover, oldfield clover, rabbitfoot clover, rabbit-foot clover, stone clover",Fabaceae
GWCA,George Washington Carver National Monument,Trifolium campestre,"big hop clover, field clover, large hop clover, lesser hop clover, low hop clover",Fabaceae
GWCA,George Washington Carver National Monument,Trifolium dubium,"hop clover, smallhop clover, suckling clover",Fabaceae
GWCA,George Washington Carver National Monument,Trifolium hybridum,alsike clover,Fabaceae
GWCA,George Washington Carver National Monument,Trifolium pratense,red clover,Fabaceae
GWCA,George Washington Carver National Monument,Trifolium repens,"Dutch clover, ladino clover, white clover, white Dutch clover",Fabaceae
GWCA,George Washington Carver National Monument,Vicia sativa,"common vetch, garden vetch, slimleaf vetch, vetch",Fabaceae
GWCA,George Washington Carver National Monument,Vicia villosa ssp. varia,winter vetch,Fabaceae
GWCA,George Washington Carver National Monument,Polygala sanguinea,"blood milkwort, purple milkwort",Polygalaceae
GWCA,George Washington Carver National Monument,Polygala verticillata var. verticillata,whorled milkwort,Polygalaceae
GWCA,George Washington Carver National Monument,Corylus americana,"American hazelnut, hazel, hazelnut",Betulaceae
GWCA,George Washington Carver National Monument,Ostrya virginiana,"eastern hophornbeam, hophornbeam",Betulaceae
GWCA,George Washington Carver National Monument,Quercus macrocarpa,bur oak,Fagaceae
GWCA,George Washington Carver National Monument,Quercus marilandica,blackjack oak,Fagaceae
GWCA,George Washington Carver National Monument,Quercus muhlenbergii,chinkapin oak,Fagaceae
GWCA,George Washington Carver National Monument,Quercus nigra,water oak,Fagaceae
GWCA,George Washington Carver National Monument,Quercus palustris,pin oak,Fagaceae
GWCA,George Washington Carver National Monument,Quercus phellos,willow oak,Fagaceae
GWCA,George Washington Carver National Monument,Quercus prinoides,"dwarf chinkapin oak, dwarf chinquapin oak",Fagaceae
GWCA,George Washington Carver National Monument,Quercus prinus,chestnut oak,Fagaceae
GWCA,George Washington Carver National Monument,Quercus rubra,northern red oak,Fagaceae
GWCA,George Washington Carver National Monument,Quercus shumardii,Shumard's oak,Fagaceae
GWCA,George Washington Carver National Monument,Quercus shumardii var. schneckii,Schneck's oak,Fagaceae
GWCA,George Washington Carver National Monument,Quercus stellata,post oak,Fagaceae
GWCA,George Washington Carver National Monument,Quercus velutina,black oak,Fagaceae
GWCA,George Washington Carver National Monument,Carya cordiformis,"bitternut hickory, noyer amer, pignut",Juglandaceae
GWCA,George Washington Carver National Monument,Carya texana,black hickory,Juglandaceae
GWCA,George Washington Carver National Monument,Juglans nigra,"black walnut, noyer noir",Juglandaceae
GWCA,George Washington Carver National Monument,Amsonia illustris,Ozark bluestar,Apocynaceae
GWCA,George Washington Carver National Monument,Amsonia tabernaemontana,eastern bluestar,Apocynaceae
GWCA,George Washington Carver National Monument,Apocynum cannabinum,Indian hemp,Apocynaceae
GWCA,George Washington Carver National Monument,Apocynum sibiricum,,Apocynaceae
GWCA,George Washington Carver National Monument,Asclepias amplexicaulis,"bluntleaf milkweed, blunt-leaved milkweed, clasping milkweed, sand milkweed",Apocynaceae
GWCA,George Washington Carver National Monument,Asclepias hirtella,"green milkweed, prairie milkweed, tall-green milkweed",Apocynaceae
GWCA,George Washington Carver National Monument,Asclepias incarnata,"rose milkweed, swamp milkweed",Apocynaceae
GWCA,George Washington Carver National Monument,Asclepias purpurascens,purple milkweed,Apocynaceae
GWCA,George Washington Carver National Monument,Asclepias syriaca,"broadleaf milkweed, common milkweed",Apocynaceae
GWCA,George Washington Carver National Monument,Asclepias tuberosa,"butterfly milkweed, butterflyweed",Apocynaceae
GWCA,George Washington Carver National Monument,Asclepias verticillata,"eastern whorled milkweed, whorled milkweed",Apocynaceae
GWCA,George Washington Carver National Monument,Asclepias viridiflora,"green antelopehorn milkweed, green comet milkweed, green milkweed",Apocynaceae
GWCA,George Washington Carver National Monument,Asclepias viridis,green antelopehorn,Apocynaceae
GWCA,George Washington Carver National Monument,Cynanchum laeve,"climbing milkweed, honeyvine, honeyvine milkweed, sandvine",Apocynaceae
GWCA,George Washington Carver National Monument,Gonolobus gonocarpos,,Apocynaceae
GWCA,George Washington Carver National Monument,Gentiana puberulenta,downy gentian,Gentianaceae
GWCA,George Washington Carver National Monument,Sabatia angularis,"rosepink, squarestem rosegentian",Gentianaceae
GWCA,George Washington Carver National Monument,Cephalanthus occidentalis,"buttonbush, common buttonbush",Rubiaceae
GWCA,George Washington Carver National Monument,Diodia teres,"poor joe, poorjoe",Rubiaceae
GWCA,George Washington Carver National Monument,Galium aparine,"bedstraw, catchweed bedstraw, cleavers, cleaverwort, goose grass, scarthgrass, stickywilly, sticky-willy, white hedge",Rubiaceae
GWCA,George Washington Carver National Monument,Galium pedemontanum,,Rubiaceae
GWCA,George Washington Carver National Monument,Hedyotis crassifolia,,Rubiaceae
GWCA,George Washington Carver National Monument,Geranium carolinianum,"Carolina geranium, Carolina geranium",Geraniaceae
GWCA,George Washington Carver National Monument,Dicliptera brachiata,branched foldwing,Acanthaceae
GWCA,George Washington Carver National Monument,Ruellia humilis,Carolina wild petunia,Acanthaceae
GWCA,George Washington Carver National Monument,Ruellia strepens,limestone wild petunia,Acanthaceae
GWCA,George Washington Carver National Monument,Campsis radicans,"common trumpetcreeper, cow-itch, trumpet creeper",Bignoniaceae
GWCA,George Washington Carver National Monument,Agastache nepetoides,"catnip giant hyssop, yellow giant hyssop",Lamiaceae
GWCA,George Washington Carver National Monument,Glechoma hederacea,"creeping charlie, gill-over-the-ground, ground ivy, groundivy, haymaids",Lamiaceae
GWCA,George Washington Carver National Monument,Hedeoma hispidum,"false pennyroyal, falsepennyroyal, rough false pennyroyal, rough falsepennyroyal, rough pennyroyal",Lamiaceae
GWCA,George Washington Carver National Monument,Lamium amplexicaule,"common henbit, giraffehead, henbit, henbit deadnettle",Lamiaceae
GWCA,George Washington Carver National Monument,Lamium purpureum,purple deadnettle,Lamiaceae
GWCA,George Washington Carver National Monument,Lycopus americanus,"American bugleweed, American water horehound, American waterhorehound, cut-leaf water-horehound, water horehound, waterhorehound",Lamiaceae
GWCA,George Washington Carver National Monument,Lycopus virginicus,"Virginia bugleweed, Virginia water horehound",Lamiaceae
GWCA,George Washington Carver National Monument,Mentha X piperita,peppermint,Lamiaceae
GWCA,George Washington Carver National Monument,Monarda fistulosa,"wild bergamot, Oswego-tea, wild bergamot, wild bergamot beebalm, Oswego-tea, wild bergamot, wildbergamot beebalm",Lamiaceae
GWCA,George Washington Carver National Monument,Perilla frutescens,"beefsteak mint, beefsteak plant, purple mint",Lamiaceae
GWCA,George Washington Carver National Monument,Physostegia angustifolia,"narrowleaf dragonhead, narrowleaf false dragonhead",Lamiaceae
GWCA,George Washington Carver National Monument,Prunella vulgaris,"common selfheal, heal all, healall, selfheal",Lamiaceae
GWCA,George Washington Carver National Monument,Pycnanthemum tenuifolium,Appalachian mountainmint,Lamiaceae
GWCA,George Washington Carver National Monument,Salvia azurea,"blue sage, Pitcher's sage",Lamiaceae
GWCA,George Washington Carver National Monument,Scutellaria lateriflora,blue skullcap,Lamiaceae
GWCA,George Washington Carver National Monument,Teucrium canadense,Virginia germander,Lamiaceae
GWCA,George Washington Carver National Monument,Lindernia dubia,"false pimpernel, yellowseed false pimpernel, yellow-seed false pimpernel",Linderniaceae
GWCA,George Washington Carver National Monument,Forsythia suspensa,weeping forsythia,Oleaceae
GWCA,George Washington Carver National Monument,Fraxinus americana,white ash,Oleaceae
GWCA,George Washington Carver National Monument,Fraxinus pennsylvanica,green ash,Oleaceae
GWCA,George Washington Carver National Monument,Ligustrum ovalifolium,California privet,Oleaceae
GWCA,George Washington Carver National Monument,Ligustrum vulgare,"European privet, wild privet",Oleaceae
GWCA,George Washington Carver National Monument,Agalinis fasciculata,beach false foxglove,Orobanchaceae
GWCA,George Washington Carver National Monument,Agalinis tenuifolia,"slenderleaf false foxglove, slender-leaf false foxglove",Orobanchaceae
GWCA,George Washington Carver National Monument,Dasistoma macrophylla,"mullein foxglove, mullein seymeria",Orobanchaceae
GWCA,George Washington Carver National Monument,Pedicularis canadensis,Canadian lousewort,Orobanchaceae
GWCA,George Washington Carver National Monument,Mimulus alatus,sharpwing monkeyflower,Phrymaceae
GWCA,George Washington Carver National Monument,Mimulus ringens,"Allegheny monkeyflower, Allegheny monkey-flower",Phrymaceae
GWCA,George Washington Carver National Monument,Phryma leptostachya,"American lopseed, lopseed",Phrymaceae
GWCA,George Washington Carver National Monument,Bacopa rotundifolia,"disc waterhyssop, disk waterhyssop, disk water-hyssop, wet waterhyssop",Plantaginaceae
GWCA,George Washington Carver National Monument,Callitriche heterophylla,"greater waterstarwort, twoheaded waterstarwort, twoheaded water-starwort",Plantaginaceae
GWCA,George Washington Carver National Monument,Gratiola neglecta,"clammy hedgehyssop, clammy hedge-hyssop, drug hedgehyssop, hedge hyssop, neglected hedgehyssop",Plantaginaceae
GWCA,George Washington Carver National Monument,Leucospora multifida,narrowleaf paleseed,Plantaginaceae
GWCA,George Washington Carver National Monument,Nuttallanthus texanus,Texas toadflax,Plantaginaceae
GWCA,George Washington Carver National Monument,Penstemon digitalis,talus slope penstemon,Plantaginaceae
GWCA,George Washington Carver National Monument,Penstemon tubiflorus,white wand beardtongue,Plantaginaceae
GWCA,George Washington Carver National Monument,Plantago aristata,"bottlebrush Indianwheat, largebracted plantain",Plantaginaceae
GWCA,George Washington Carver National Monument,Plantago lanceolata,"buckhorn plantain, English plantain, lanceleaf Indianwheat, lanceleaf plantain, narrowleaf plantain, ribgrass, ribwort",Plantaginaceae
GWCA,George Washington Carver National Monument,Plantago rugelii,blackseed plantain,Plantaginaceae
GWCA,George Washington Carver National Monument,Plantago virginica,"paleseed Indianwheat, Virginia plantain",Plantaginaceae
GWCA,George Washington Carver National Monument,Veronica arvensis,"common speedwell, corn speedwell, rock speedwell, wall speedwell",Plantaginaceae
GWCA,George Washington Carver National Monument,Veronica peregrina,"neckweed, purslane speedwell",Plantaginaceae
GWCA,George Washington Carver National Monument,Veronica polita,gray field speedwell,Plantaginaceae
GWCA,George Washington Carver National Monument,Scrophularia marilandica,"carpenter's square, Maryland figwort",Scrophulariaceae
GWCA,George Washington Carver National Monument,Verbascum blattaria,"moth mullein, white moth mullein",Scrophulariaceae
GWCA,George Washington Carver National Monument,Verbascum thapsus,"big taper, common mullein, flannel mullein, flannel plant, great mullein, mullein, velvet dock, velvet plant, woolly mullein",Scrophulariaceae
GWCA,George Washington Carver National Monument,Glandularia canadensis,"rose mock vervain, rose verbena",Verbenaceae
GWCA,George Washington Carver National Monument,Phyla lanceolata,"frog fruit, lanceleaf fogfruit, lanceleaf frog fruit, lanceleaf frogfruit, northern fogfruit",Verbenaceae
GWCA,George Washington Carver National Monument,Verbena hastata,"Simpler's-joy, swamp verbena",Verbenaceae
GWCA,George Washington Carver National Monument,Verbena simplex,"narrowleaf vervain, narrow-leaved vervain, simple verbena",Verbenaceae
GWCA,George Washington Carver National Monument,Verbena stricta,"hoary verbena, hoary vervain, tall vervain, woolly verbena",Verbenaceae
GWCA,George Washington Carver National Monument,Verbena urticifolia,"white verbena, white vervain",Verbenaceae
GWCA,George Washington Carver National Monument,Lindera benzoin,"northern spicebush, spicebush",Lauraceae
GWCA,George Washington Carver National Monument,Sassafras albidum,sassafras,Lauraceae
GWCA,George Washington Carver National Monument,Trillium sessile,toadshade,Melanthiaceae
GWCA,George Washington Carver National Monument,Smilax bona-nox,saw greenbrier,Smilacaceae
GWCA,George Washington Carver National Monument,Smilax ecirrata,"greenbriar, upright carrionflower, upright carrion-flower",Smilacaceae
GWCA,George Washington Carver National Monument,Smilax hispida,bristly greenbrier,Smilacaceae
GWCA,George Washington Carver National Monument,Smilax lasioneuron,"herbaceous greenbriar, Jacob's lader, smooth carrionflower, Blue Ridge carrionflower, Blue Ridge carrion-flower",Smilacaceae
GWCA,George Washington Carver National Monument,Asimina triloba,pawpaw,Annonaceae
GWCA,George Washington Carver National Monument,Acalypha ostryifolia,"hophornbeam copperleaf, pineland threeseed mercury",Euphorbiaceae
GWCA,George Washington Carver National Monument,Acalypha rhomboidea,Virginia threeseed mercury,Euphorbiaceae
GWCA,George Washington Carver National Monument,Acalypha virginica,"mercuryweed, threeseeded mercury, Virginia copperleaf, Virginia threeseed mercury, wax balls",Euphorbiaceae
GWCA,George Washington Carver National Monument,Chamaesyce maculata,,Euphorbiaceae
GWCA,George Washington Carver National Monument,Chamaesyce nutans,"milk purslane, prostrate spurge, spotted sandmat, spotted spurge",Euphorbiaceae
GWCA,George Washington Carver National Monument,Croton capitatus,"capitate croton, doveweed, hogweed, hogwort, woolly croton",Euphorbiaceae
GWCA,George Washington Carver National Monument,Croton glandulosus,"sand croton, tooth-leaved croton, tropic croton, vente conmigo",Euphorbiaceae
GWCA,George Washington Carver National Monument,Croton glandulosus var. septentrionalis,vente conmigo,Euphorbiaceae
GWCA,George Washington Carver National Monument,Croton monanthogynus,"oneseeded croton, prairie tea, prairie-tea",Euphorbiaceae
GWCA,George Washington Carver National Monument,Euphorbia corollata,"flowering spurge, floweringspurge euphorbia",Euphorbiaceae
GWCA,George Washington Carver National Monument,Euphorbia dentata,"toothed spurge, toothedleaf poinsettia",Euphorbiaceae
GWCA,George Washington Carver National Monument,Tragia betonicifolia,nettleleaf noseburn,Euphorbiaceae
GWCA,George Washington Carver National Monument,Hypericum drummondii,"Drummond's St. Johnswort, nits and lice",Hypericaceae
GWCA,George Washington Carver National Monument,Hypericum mutilum,dwarf St. Johnswort,Hypericaceae
GWCA,George Washington Carver National Monument,Hypericum perforatum,"common St. John's wort, common St. Johnswort, Klamath weed, Klamathweed, St. John's wort, St. Johnswort",Hypericaceae
GWCA,George Washington Carver National Monument,Hypericum pseudomaculatum,false spotted St. Johnswort,Hypericaceae
GWCA,George Washington Carver National Monument,Hypericum punctatum,spotted St. Johnswort,Hypericaceae
GWCA,George Washington Carver National Monument,Hypericum sphaerocarpum,roundseed St. Johnswort,Hypericaceae
GWCA,George Washington Carver National Monument,Linum sulcatum,"grooved flax, grooved yellow flax",Linaceae
GWCA,George Washington Carver National Monument,Passiflora incarnata,purple passionflower,Passifloraceae
GWCA,George Washington Carver National Monument,Passiflora lutea,"passionflower, yellow passionflower",Passifloraceae
GWCA,George Washington Carver National Monument,Passiflora lutea var. glabriflora,,Passifloraceae
GWCA,George Washington Carver National Monument,Phyllanthus caroliniensis,"Carolina leafflower, Carolina leaf-flower",Phyllanthaceae
GWCA,George Washington Carver National Monument,Populus deltoides,eastern cottonwood,Salicaceae
GWCA,George Washington Carver National Monument,Salix caroliniana,coastal plain willow,Salicaceae
GWCA,George Washington Carver National Monument,Salix exigua,"coyote willow, desert willow, narrowleaf willow, sandbar willow",Salicaceae
GWCA,George Washington Carver National Monument,Salix nigra,black willow,Salicaceae
GWCA,George Washington Carver National Monument,Viola pubescens,downy yellow violet,Violaceae
GWCA,George Washington Carver National Monument,Viola rafinesquei,,Violaceae
GWCA,George Washington Carver National Monument,Viola sororia,"common blue violet, hooded blue violet, meadow violet",Violaceae
GWCA,George Washington Carver National Monument,Abutilon theophrasti,"butterprint, buttonweed, China jute, Indian hemp, Indian mallow, pie-marker, velvetleaf, velvetleaf Indian mallow",Malvaceae
GWCA,George Washington Carver National Monument,Callirhoe digitata,"finger poppy mallow, fringed poppy mallow, winecup",Malvaceae
GWCA,George Washington Carver National Monument,Malva moschata,musk mallow,Malvaceae
GWCA,George Washington Carver National Monument,Sida spinosa,"false mallow, Indian mallow, prickly fanpetals, prickly mallow, prickly sida",Malvaceae
GWCA,George Washington Carver National Monument,Ammannia coccinea,"purple ammannia, valley redstem",Lythraceae
GWCA,George Washington Carver National Monument,Cuphea viscosissima,blue waxweed,Lythraceae
GWCA,George Washington Carver National Monument,Lythrum alatum,"wing-angle loosestrife, winged lythrum",Lythraceae
GWCA,George Washington Carver National Monument,Gaura longiflora,biennial beeblossom,Onagraceae
GWCA,George Washington Carver National Monument,Gaura parviflora,"smallflowered gaura, velvetweed, velvety gaura, willow gaura",Onagraceae
GWCA,George Washington Carver National Monument,Ludwigia alternifolia,"bushy seedbox, seedbox",Onagraceae
GWCA,George Washington Carver National Monument,Ludwigia palustris,"marsh primrose-willow, marsh seedbox",Onagraceae
GWCA,George Washington Carver National Monument,Oenothera biennis,"common evening primrose, common evening-primrose, hoary eveningprimrose, king's-cureall",Onagraceae
GWCA,George Washington Carver National Monument,Oenothera laciniata,"cutleaf evening primrose, cutleaf eveningprimrose, cut-leaf evening-primrose, cutleaf evening-primrose, cut-leaved evening primrose",Onagraceae
GWCA,George Washington Carver National Monument,Oenothera linifolia,"threadleaf evening primrose, threadleaf evening-primrose, threadleaf sundrop",Onagraceae
GWCA,George Washington Carver National Monument,Oenothera villosa ssp. villosa,"hairy evening primrose, hairy evening-primrose",Onagraceae
GWCA,George Washington Carver National Monument,Botrychium dissectum f. dissectum,"cut-leaf grape, dissected grape fern",Ophioglossaceae
GWCA,George Washington Carver National Monument,Botrychium virginianum,"common grapefern, rattlesnake fern",Ophioglossaceae
GWCA,George Washington Carver National Monument,Oxalis dillenii,"Dillen's oxalis, slender yellow woodsorrel",Oxalidaceae
GWCA,George Washington Carver National Monument,Oxalis florida ssp. prostrata,,Oxalidaceae
GWCA,George Washington Carver National Monument,Oxalis stricta,"common yellow oxalis, erect woodsorrel, sheep sorrel, sourgrass, toad sorrel, upright yellow woodsorrel, upright yellow wood-sorrel, yellow woodsorrel",Oxalidaceae
GWCA,George Washington Carver National Monument,Oxalis violacea,"purple woodsorrel, violet woodsorrel, violet wood-sorrel",Oxalidaceae
GWCA,George Washington Carver National Monument,Juniperus virginiana,eastern redcedar,Cupressaceae
GWCA,George Washington Carver National Monument,Carex amphibola,eastern narrowleaf sedge,Cyperaceae
GWCA,George Washington Carver National Monument,Carex annectens var. xanthocarpa,,Cyperaceae
GWCA,George Washington Carver National Monument,Carex blanda,"bland sedge, eastern woodland sedge, woodland sedge",Cyperaceae
GWCA,George Washington Carver National Monument,Carex brevior,"brevior sedge, fescue sedge, shortbeak sedge",Cyperaceae
GWCA,George Washington Carver National Monument,Carex bushii,Bush's sedge,Cyperaceae
GWCA,George Washington Carver National Monument,Carex cephalophora,"ovalleaf sedge, oval-leaf sedge, oval-leaved sedge",Cyperaceae
GWCA,George Washington Carver National Monument,Carex conjuncta,soft fox sedge,Cyperaceae
GWCA,George Washington Carver National Monument,Carex davisii,Davis' sedge,Cyperaceae
GWCA,George Washington Carver National Monument,Carex festucacea,fescue sedge,Cyperaceae
GWCA,George Washington Carver National Monument,Carex frankii,Frank's sedge,Cyperaceae
GWCA,George Washington Carver National Monument,Carex granularis,"limestone meadow sedge, limestone-meadow sedge",Cyperaceae
GWCA,George Washington Carver National Monument,Carex gravida,heavy sedge,Cyperaceae
GWCA,George Washington Carver National Monument,Carex hirsutella,"fuzzy wuzzy sedge, hirsute sedge",Cyperaceae
GWCA,George Washington Carver National Monument,Carex jamesii,James' sedge,Cyperaceae
GWCA,George Washington Carver National Monument,Carex leavenworthii,Leavenworth's sedge,Cyperaceae
GWCA,George Washington Carver National Monument,Carex lurida,shallow sedge,Cyperaceae
GWCA,George Washington Carver National Monument,Carex molesta,troublesome sedge,Cyperaceae
GWCA,George Washington Carver National Monument,Carex muehlenbergii,"Muhlenberg's sedge, Muhlenberg's sedge",Cyperaceae
GWCA,George Washington Carver National Monument,Carex retroflexa,reflexed sedge,Cyperaceae
GWCA,George Washington Carver National Monument,Carex rosea,rosy sedge,Cyperaceae
GWCA,George Washington Carver National Monument,Carex scoparia,"broom sedge, pointed broom sedge",Cyperaceae
GWCA,George Washington Carver National Monument,Carex shortiana,Short's sedge,Cyperaceae
GWCA,George Washington Carver National Monument,Carex texensis,Texas sedge,Cyperaceae
GWCA,George Washington Carver National Monument,Carex vulpinoidea,"common fox sedge, fox sedge",Cyperaceae
GWCA,George Washington Carver National Monument,Cyperus acuminatus,"taperleaf flatsedge, taper-tip flat sedge, tapertip flatsedge",Cyperaceae
GWCA,George Washington Carver National Monument,Cyperus compressus,poorland flatsedge,Cyperaceae
GWCA,George Washington Carver National Monument,Cyperus echinatus,globe flatsedge,Cyperaceae
GWCA,George Washington Carver National Monument,Cyperus esculentus,"chufa flatsedge, yellow nutgrass, yellow nutsedge",Cyperaceae
GWCA,George Washington Carver National Monument,Cyperus lancastriensis,manyflower flatsedge,Cyperaceae
GWCA,George Washington Carver National Monument,Cyperus lupulinus,"Great Plains flatsedge, Great Plains flatsedge, slender sand sedge",Cyperaceae
GWCA,George Washington Carver National Monument,Cyperus pseudovegetus,green flatsedge,Cyperaceae
GWCA,George Washington Carver National Monument,Cyperus squarrosus,"awned flat sedge, bearded flatsedge, bearded nutgrass",Cyperaceae
GWCA,George Washington Carver National Monument,Cyperus strigosus,"stawcolored flatsedge, strawcolor flatsedge, strawcolor nutgrass, strawcolored flatsedge, strawcolored nutgrass",Cyperaceae
GWCA,George Washington Carver National Monument,Eleocharis acicularis,"needle spikerush, needle spikesedge",Cyperaceae
GWCA,George Washington Carver National Monument,Eleocharis erythropoda,"bald spikerush, bald spike-rush, spikesedge",Cyperaceae
GWCA,George Washington Carver National Monument,Eleocharis lanceolata,daggerleaf spikerush,Cyperaceae
GWCA,George Washington Carver National Monument,Eleocharis macrostachya,pale spikerush,Cyperaceae
GWCA,George Washington Carver National Monument,Eleocharis ovata,"blunt spikerush, blunt spikesedge",Cyperaceae
GWCA,George Washington Carver National Monument,Eleocharis palustris,Small's spikerush,Cyperaceae
GWCA,George Washington Carver National Monument,Eleocharis verrucosa,,Cyperaceae
GWCA,George Washington Carver National Monument,Fimbristylis autumnalis,slender fimbry,Cyperaceae
GWCA,George Washington Carver National Monument,Scirpus cyperinus,"bulrush, woolgrass",Cyperaceae
GWCA,George Washington Carver National Monument,Scirpus pendulus,drooping bulrush,Cyperaceae
GWCA,George Washington Carver National Monument,Scleria pauciflora var. caroliniana,Carolina nutrush,Cyperaceae
GWCA,George Washington Carver National Monument,Juncus acuminatus,"sharp-fruit rush, tapertip rush",Juncaceae
GWCA,George Washington Carver National Monument,Juncus biflorus,bog rush,Juncaceae
GWCA,George Washington Carver National Monument,Juncus brachycarpus,whiteroot rush,Juncaceae
GWCA,George Washington Carver National Monument,Juncus diffusissimus,slimpod rush,Juncaceae
GWCA,George Washington Carver National Monument,Juncus dudleyi,"Dudley rush, Dudley's rush",Juncaceae
GWCA,George Washington Carver National Monument,Juncus effusus,"common rush, lamp rush",Juncaceae
GWCA,George Washington Carver National Monument,Juncus interior,inland rush,Juncaceae
GWCA,George Washington Carver National Monument,Juncus marginatus,grassleaf rush,Juncaceae
GWCA,George Washington Carver National Monument,Juncus secundus,lopsided rush,Juncaceae
GWCA,George Washington Carver National Monument,Juncus tenuis,poverty rush,Juncaceae
GWCA,George Washington Carver National Monument,Juncus torreyi,"Torrey rush, Torrey's rush",Juncaceae
GWCA,George Washington Carver National Monument,Agropyron smithii,,Poaceae
GWCA,George Washington Carver National Monument,Agrostis hyemalis,winter bentgrass,Poaceae
GWCA,George Washington Carver National Monument,Agrostis stolonifera,"carpet bentgrass, creeping bent, creeping bentgrass, redtop, redtop bent, seaside bentgrass, spreading bent",Poaceae
GWCA,George Washington Carver National Monument,Agrostis stolonifera var. palustris,,Poaceae
GWCA,George Washington Carver National Monument,Alopecurus carolinianus,"Carolina foxtail, tufted meadow-foxtail",Poaceae
GWCA,George Washington Carver National Monument,Andropogon elliottii,,Poaceae
GWCA,George Washington Carver National Monument,Andropogon gerardii,big bluestem,Poaceae
GWCA,George Washington Carver National Monument,Andropogon ischaemum var. songaricus,,Poaceae
GWCA,George Washington Carver National Monument,Andropogon virginicus,"broomsedge, broomsedge bluestem",Poaceae
GWCA,George Washington Carver National Monument,Aristida longispica,slimspike threeawn,Poaceae
GWCA,George Washington Carver National Monument,Aristida oligantha,"Oldfield (Prairie) 3-awn, oldfield threeawn, prairie threeawn",Poaceae
GWCA,George Washington Carver National Monument,Avena fatua var. sativa,"common oat, Common oats, oat, oatgrass (common), oats, wild oats",Poaceae
GWCA,George Washington Carver National Monument,Bothriochloa laguroides,silver beardgrass,Poaceae
GWCA,George Washington Carver National Monument,Bouteloua curtipendula,"sideoats grama, side-oats grama",Poaceae
GWCA,George Washington Carver National Monument,Bromus commutatus,"hairy brome, hairy chess, meadow brome",Poaceae
GWCA,George Washington Carver National Monument,Bromus inermis,"awnless brome, smooth brome",Poaceae
GWCA,George Washington Carver National Monument,Bromus japonicus,"Japanese brome, Japanese bromegrass, Japanese chess",Poaceae
GWCA,George Washington Carver National Monument,Bromus racemosus,bald brome,Poaceae
GWCA,George Washington Carver National Monument,Bromus secalinus,"bromegrass, cheat, chess, chess brome, rye brome, ryebrome",Poaceae
GWCA,George Washington Carver National Monument,Bromus sterilis,"barren bromegrass, poverty brome, sterile brome",Poaceae
GWCA,George Washington Carver National Monument,Bromus tectorum,"cheat grass, cheatgrass, downy brome, early chess, military grass, wild oats",Poaceae
GWCA,George Washington Carver National Monument,Buchloe dactyloides,buffalograss,Poaceae
GWCA,George Washington Carver National Monument,Chasmanthium latifolium,"broadleaf uniola, Indian woodoats, Indian wood-oats",Poaceae
GWCA,George Washington Carver National Monument,Chloris verticillata,"tumble windmill grass, Tumble Windmillgrass, windmillgrass",Poaceae
GWCA,George Washington Carver National Monument,Cinna arundinacea,sweet woodreed,Poaceae
GWCA,George Washington Carver National Monument,Cynodon dactylon,"Bermudagrass, chiendent pied-de-poule, common bermudagrass, devilgrass, grama-seda, manienie, motie molulu",Poaceae
GWCA,George Washington Carver National Monument,Dactylis glomerata,orchardgrass,Poaceae
GWCA,George Washington Carver National Monument,Digitaria ciliaris,"crabgrass, hairy crab grass, hairy crabgrass, large crabgrass, purple crabgrass, redhair crabgrass",Poaceae
GWCA,George Washington Carver National Monument,Digitaria cognata var. cognata,"Carolina crabgrass, fall witchgrass",Poaceae
GWCA,George Washington Carver National Monument,Digitaria ischaemum,"small crabgrass, smooth crab grass, smooth crabgrass",Poaceae
GWCA,George Washington Carver National Monument,Echinochloa crusgalli,"barnyard grass, barnyardgrass, cockspur, Japanese millet, large barnyard grass, watergrass",Poaceae
GWCA,George Washington Carver National Monument,Echinochloa muricata,"rough barnyard grass, rough barnyardgrass, rough barnyardgrass",Poaceae
GWCA,George Washington Carver National Monument,Eleusine indica,"crowsfoot grass, goose grass, goosegrass, Indian goose grass, Indian goosegrass, manienie ali'I, silver crabgrass, wiregrass",Poaceae
GWCA,George Washington Carver National Monument,Elymus canadensis,"hairy wild rye, hairy wildrye, slender wild-rye, Canada wildrye",Poaceae
GWCA,George Washington Carver National Monument,Elymus repens,"couchgrass, creeping quackgrass, quackgrass, quickgrass, quitch, scutch, twitch, couchgrass, dog grass, quackgrass",Poaceae
GWCA,George Washington Carver National Monument,Elymus smithii,,Poaceae
GWCA,George Washington Carver National Monument,Elymus virginicus,"Virginia wild rye, Virginia wildrye",Poaceae
GWCA,George Washington Carver National Monument,Eragrostis intermedia,plains lovegrass,Poaceae
GWCA,George Washington Carver National Monument,Eragrostis pectinacea,"purple love grass, purple lovegrass, spreading lovegrass, tufted lovegrass",Poaceae
GWCA,George Washington Carver National Monument,Eragrostis spectabilis,"petticoat-climber, purple lovegrass",Poaceae
GWCA,George Washington Carver National Monument,Festuca pratensis,,Poaceae
GWCA,George Washington Carver National Monument,Festuca subverticillata,nodding fescue,Poaceae
GWCA,George Washington Carver National Monument,Glyceria striata,"fowl manna grass, fowl mannagrass",Poaceae
GWCA,George Washington Carver National Monument,Hordeum pusillum,"little barley, little wildbarley",Poaceae
GWCA,George Washington Carver National Monument,Leersia oryzoides,"rice cut grass, rice cutgrass",Poaceae
GWCA,George Washington Carver National Monument,Leersia virginica,"white grass, whitegrass",Poaceae
GWCA,George Washington Carver National Monument,Lolium perenne,"annual ryegrass, Italian ryegrass, perennial rye grass, perennial rye grass, perennial ryegrass",Poaceae
GWCA,George Washington Carver National Monument,Melica nitens,"shining oniongrass, threeflower melic, threeflower melicgrass",Poaceae
GWCA,George Washington Carver National Monument,Muhlenbergia bushii,nodding muhly,Poaceae
GWCA,George Washington Carver National Monument,Muhlenbergia frondosa,"wirestem muhly, wire-stem muhly",Poaceae
GWCA,George Washington Carver National Monument,Muhlenbergia schreberi,"nimblewill, nimblewill muhly",Poaceae
GWCA,George Washington Carver National Monument,Panicum acuminatum var. lindheimeri,Lindheimer panicgrass,Poaceae
GWCA,George Washington Carver National Monument,Panicum anceps,"beaked panicgrass, beaked panicum",Poaceae
GWCA,George Washington Carver National Monument,Panicum capillare,"annual witchgrass, common panic grass, common witchgrass, panicgrass, ticklegrass, tumble panic, tumbleweed grass, witches hair, witchgrass",Poaceae
GWCA,George Washington Carver National Monument,Panicum clandestinum,deertongue,Poaceae
GWCA,George Washington Carver National Monument,Panicum commutatum,variable panicgrass,Poaceae
GWCA,George Washington Carver National Monument,Panicum dichotomiflorum,"fall panicgrass, fall panicum, western witchgrass",Poaceae
GWCA,George Washington Carver National Monument,Panicum malacophyllum,softleaf rosette grass,Poaceae
GWCA,George Washington Carver National Monument,Panicum oligosanthes var. scribnerianum,"Heller's rosette grass, Scribner panic, Scribner panicum, Scribners panicum, Scribner's panicum, Scribner's rosette grass",Poaceae
GWCA,George Washington Carver National Monument,Panicum sphaerocarpon,"roundseed panicgrass, roundseed panicum",Poaceae
GWCA,George Washington Carver National Monument,Panicum sphaerocarpon var. isophyllum,"roundseed panicgrass, roundseed panicum",Poaceae
GWCA,George Washington Carver National Monument,Panicum virgatum,switchgrass,Poaceae
GWCA,George Washington Carver National Monument,Paspalum laeve,field paspalum,Poaceae
GWCA,George Washington Carver National Monument,Paspalum pubiflorum var. glabrum,hairyseed paspalum,Poaceae
GWCA,George Washington Carver National Monument,Paspalum setaceum,"fringeleaf paspalum, sand paspalum, slender crown grass, thin paspalum",Poaceae
GWCA,George Washington Carver National Monument,Paspalum setaceum var. muehlenbergii,,Poaceae
GWCA,George Washington Carver National Monument,Phalaris caroliniana,Carolina canarygrass,Poaceae
GWCA,George Washington Carver National Monument,Phleum pratense,"common timothy, timothy",Poaceae
GWCA,George Washington Carver National Monument,Poa annua,"annual blue grass, annual bluegrass, walkgrass",Poaceae
GWCA,George Washington Carver National Monument,Poa chapmaniana,Chapman's bluegrass,Poaceae
GWCA,George Washington Carver National Monument,Poa compressa,"Canada bluegrass, flat-stem blue grass",Poaceae
GWCA,George Washington Carver National Monument,Poa pratensis,Kentucky bluegrass,Poaceae
GWCA,George Washington Carver National Monument,Poa sylvestris,woodland bluegrass,Poaceae
GWCA,George Washington Carver National Monument,Schizachyrium scoparium,little bluestem,Poaceae
GWCA,George Washington Carver National Monument,Setaria faberi,"Chinese foxtail, Chinese millet, giant bristlegrass, giant foxtail, Japanese bristlegrass, nodding foxtail, tall green bristlegrass",Poaceae
GWCA,George Washington Carver National Monument,Setaria glauca,"cattail grass, yellow bristle grass, yellow bristlegrass",Poaceae
GWCA,George Washington Carver National Monument,Setaria parviflora,marsh bristlegrass,Poaceae
GWCA,George Washington Carver National Monument,Setaria viridis,"bottle grass, green bristle grass, green bristlegrass, green foxtail, pigeongrass, wild millet",Poaceae
GWCA,George Washington Carver National Monument,Sorghastrum nutans,"Indiangrass, yellow indian-grass",Poaceae
GWCA,George Washington Carver National Monument,Sorghum halepense,"aleppo milletgrass, herbe de Cuba, Johnson grass, Johnsongrass, sorgho d'Alep, sorgo de alepo, zacate Johnson",Poaceae
GWCA,George Washington Carver National Monument,Spartina pectinata,prairie cordgrass,Poaceae
GWCA,George Washington Carver National Monument,Sphenopholis obtusata,"prairie wedgegrass, prairie wedgescale",Poaceae
GWCA,George Washington Carver National Monument,Sphenopholis obtusata var. major,"slender wedgegrass, slender wedgescale",Poaceae
GWCA,George Washington Carver National Monument,Sporobolus compositus,"composite dropseed, dropseed",Poaceae
GWCA,George Washington Carver National Monument,Sporobolus vaginiflorus,"poverty dropseed, poverty grass",Poaceae
GWCA,George Washington Carver National Monument,Tridens flavus,"purpletop tridens, purpletop",Poaceae
GWCA,George Washington Carver National Monument,Tridens strictus,longspike tridens,Poaceae
GWCA,George Washington Carver National Monument,Tripsacum dactyloides,eastern gamagrass,Poaceae
GWCA,George Washington Carver National Monument,Vulpia octoflora,"eight-flower six-weeks grass, pullout grass, sixweeks fescue, sixweeks grass",Poaceae
GWCA,George Washington Carver National Monument,Asplenium platyneuron,ebony spleenwort,Aspleniaceae
GWCA,George Washington Carver National Monument,Woodsia obtusa,bluntlobe cliff fern,Woodsiaceae
GWCA,George Washington Carver National Monument,Platanus occidentalis,"American sycamore, sycamore",Platanaceae
GWCA,George Washington Carver National Monument,Podophyllum peltatum,"Indian-apple, May apple, mayapple, pomme de mai, wild-mandrake",Berberidaceae
GWCA,George Washington Carver National Monument,Cocculus carolinus,"Carolina coralbead, Carolina snailseed, redberry moonseed",Menispermaceae
GWCA,George Washington Carver National Monument,Menispermum canadense,"Canadian moonseed, common moonseed",Menispermaceae
GWCA,George Washington Carver National Monument,Corydalis crystallina,"mealy corydalis, mealy fumewort",Papaveraceae
GWCA,George Washington Carver National Monument,Corydalis flavula,"pale corydalis, yellow fumewort",Papaveraceae
GWCA,George Washington Carver National Monument,Anemonella thalictroides,,Ranunculaceae
GWCA,George Washington Carver National Monument,Delphinium carolinianum,Carolina larkspur,Ranunculaceae
GWCA,George Washington Carver National Monument,Delphinium carolinianum ssp. penardii,"Carolina larkspur, plains larkspur, prairie larkspur, Carolina larkspur, plains larkspur, white larkspur",Ranunculaceae
GWCA,George Washington Carver National Monument,Ranunculus abortivus,"early woodbuttercup, kidney-leaf buttercup, littleleaf buttercup, smallflower buttercup, smallflower crowfoot",Ranunculaceae
GWCA,George Washington Carver National Monument,Ranunculus bulbosus,"blister flower, bulbous buttercup, bulbous crowfoot, gowan, St. Anthony's turnip, yellow weed",Ranunculaceae
GWCA,George Washington Carver National Monument,Ranunculus fascicularis,"early buttercup, prairie buttercup, tufted buttercup",Ranunculaceae
GWCA,George Washington Carver National Monument,Ranunculus hispidus,bristly buttercup,Ranunculaceae
GWCA,George Washington Carver National Monument,Ranunculus micranthus,rock buttercup,Ranunculaceae
GWCA,George Washington Carver National Monument,Ranunculus recurvatus,"blisterwort, littleleaf buttercup",Ranunculaceae
GWCA,George Washington Carver National Monument,Celtis laevigata,"sugarberry, Texan sugarberry",Cannabaceae
GWCA,George Washington Carver National Monument,Celtis occidentalis,"common hackberry, hackberry, western hackberry",Cannabaceae
GWCA,George Washington Carver National Monument,Celtis tenuifolia,"dwarf hackberry, Georgia hackberry",Cannabaceae
GWCA,George Washington Carver National Monument,Humulus lupulus,"common hop, common hops, hops",Cannabaceae
GWCA,George Washington Carver National Monument,Maclura pomifera,"osage orange, osage-orange",Moraceae
GWCA,George Washington Carver National Monument,Morus alba,"mulberry, white mulberry",Moraceae
GWCA,George Washington Carver National Monument,Morus rubra,red mulberry,Moraceae
GWCA,George Washington Carver National Monument,Ceanothus herbaceus,"inland ceanothus, Jersey tea, prairie redroot",Rhamnaceae
GWCA,George Washington Carver National Monument,Agrimonia pubescens,"groovebur, roadside agrimony, soft agrimony, soft groovebur",Rosaceae
GWCA,George Washington Carver National Monument,Crataegus crus-galli,"bush hawthorn, cockspur hawthorn",Rosaceae
GWCA,George Washington Carver National Monument,Crataegus palmeri,,Rosaceae
GWCA,George Washington Carver National Monument,Crataegus pruinosa,"frosted hawthorn, waxyfruit hawthorn",Rosaceae
GWCA,George Washington Carver National Monument,Fragaria virginiana,Virginia strawberry,Rosaceae
GWCA,George Washington Carver National Monument,Geum canadense,"white avens, white avens",Rosaceae
GWCA,George Washington Carver National Monument,Geum vernum,"heartleaf avens, spring avens",Rosaceae
GWCA,George Washington Carver National Monument,Potentilla recta,"erect cinquefoil, roughfruit cinquefoil, sulphur cinquefoil",Rosaceae
GWCA,George Washington Carver National Monument,Potentilla simplex,common cinquefoil,Rosaceae
GWCA,George Washington Carver National Monument,Prunus americana,American plum,Rosaceae
GWCA,George Washington Carver National Monument,Prunus angustifolia,Chickasaw plum,Rosaceae
GWCA,George Washington Carver National Monument,Prunus hortulana,hortulan plum,Rosaceae
GWCA,George Washington Carver National Monument,Prunus mexicana,Mexican plum,Rosaceae
GWCA,George Washington Carver National Monument,Prunus munsoniana,"wild goose plum, wildgrove plum",Rosaceae
GWCA,George Washington Carver National Monument,Prunus serotina,black cherry,Rosaceae
GWCA,George Washington Carver National Monument,Pyrus calleryana,Callery pear,Rosaceae
GWCA,George Washington Carver National Monument,Rosa carolina,"Carolina rose, Carolina rose",Rosaceae
GWCA,George Washington Carver National Monument,Rosa multiflora,multiflora rose,Rosaceae
GWCA,George Washington Carver National Monument,Rosa setigera,"climbing rose, Prairie rose",Rosaceae
GWCA,George Washington Carver National Monument,Rosa setigera var. tomentosa,climbing rose,Rosaceae
GWCA,George Washington Carver National Monument,Rubus argutus,"prickly Florida blackberry, sawtooth blackberry",Rosaceae
GWCA,George Washington Carver National Monument,Rubus flagellaris,"northern dewberry, whiplash dewberry",Rosaceae
GWCA,George Washington Carver National Monument,Rubus occidentalis,black raspberry,Rosaceae
GWCA,George Washington Carver National Monument,Rubus pensilvanicus,Pennsylvania blackberry,Rosaceae
GWCA,George Washington Carver National Monument,Ulmus americana,American elm,Ulmaceae
GWCA,George Washington Carver National Monument,Ulmus pumila,"Chinese elm, Siberian elm",Ulmaceae
GWCA,George Washington Carver National Monument,Ulmus rubra,slippery elm,Ulmaceae
GWCA,George Washington Carver National Monument,Boehmeria cylindrica,"smallspike false nettle, small-spike false nettle",Urticaceae
GWCA,George Washington Carver National Monument,Laportea canadensis,"Canada lettuce, Canada woodnettle, Canadian woodnettle, Canadian wood-nettle",Urticaceae
GWCA,George Washington Carver National Monument,Parietaria pensylvanica,Pennsylvania pellitory,Urticaceae
GWCA,George Washington Carver National Monument,Pilea pumila,Canadian clearweed,Urticaceae
GWCA,George Washington Carver National Monument,Urtica dioica,"California nettle, slender nettle, stinging nettle, tall nettle",Urticaceae
GWCA,George Washington Carver National Monument,Rhus copallina,"shining sumac, winged sumac, flameleaf sumac, shining sumac, winged sumac",Anacardiaceae
GWCA,George Washington Carver National Monument,Rhus glabra,smooth sumac,Anacardiaceae
GWCA,George Washington Carver National Monument,Toxicodendron radicans,"eastern poison ivy, eastern poison ivy, poison ivy",Anacardiaceae
GWCA,George Washington Carver National Monument,Ptelea trifoliata,"common hoptree, hoptree",Rutaceae
GWCA,George Washington Carver National Monument,Acer ginnala,Amur maple,Sapindaceae
GWCA,George Washington Carver National Monument,Acer negundo,"ashleaf maple, ash-leaf maple, box elder, boxelder, boxelder maple, California boxelder, Manitoba maple, three-leaf maple, western boxelder",Sapindaceae
GWCA,George Washington Carver National Monument,Acer negundo var. texanum,"ashleaf maple, boxelder",Sapindaceae
GWCA,George Washington Carver National Monument,Acer platanoides,Norway maple,Sapindaceae
GWCA,George Washington Carver National Monument,Acer rubrum,red maple,Sapindaceae
GWCA,George Washington Carver National Monument,Acer saccharinum,silver maple,Sapindaceae
GWCA,George Washington Carver National Monument,Acer saccharum,sugar maple,Sapindaceae
GWCA,George Washington Carver National Monument,Liquidambar styraciflua,sweetgum,Altingiaceae
GWCA,George Washington Carver National Monument,Ribes missouriense,Missouri gooseberry,Grossulariaceae
GWCA,George Washington Carver National Monument,Penthorum sedoides,"ditch stonecrop, Virginia penthorum",Penthoraceae
GWCA,George Washington Carver National Monument,Calystegia sepium,"bearbind, devil's guts, hedge bindweed, hedge false bindweed, hedgebell, large bindweed, old man's night cap, wild morningglory",Convolvulaceae
GWCA,George Washington Carver National Monument,Convolvulus arvensis,"creeping jenny, European bindweed, field bindweed, perennial morningglory, smallflowered morningglory",Convolvulaceae
GWCA,George Washington Carver National Monument,Cuscuta campestris,field dodder,Convolvulaceae
GWCA,George Washington Carver National Monument,Cuscuta coryli,hazel dodder,Convolvulaceae
GWCA,George Washington Carver National Monument,Cuscuta pentagona,"bush-clover dodder, field dodder, fiveangle dodder, fiveangled dodder",Convolvulaceae
GWCA,George Washington Carver National Monument,Cuscuta polygonorum,smartweed dodder,Convolvulaceae
GWCA,George Washington Carver National Monument,Ipomoea hederacea,"entireleaf morningglory, ivyleaf morningglory, ivyleaf morning-glory, Mexican morningglory",Convolvulaceae
GWCA,George Washington Carver National Monument,Ipomoea lacunosa,"pitted morningglory, white morningglory, whitestar",Convolvulaceae
GWCA,George Washington Carver National Monument,Ipomoea pandurata,"bigroot morningglory, man of the earth, man-of-the-earth",Convolvulaceae
GWCA,George Washington Carver National Monument,Datura stramonium,jimsonweed,Solanaceae
GWCA,George Washington Carver National Monument,Physalis angulata,"cutleaf groundcherry, cut-leaf ground-cherry, lanceleaf groundcherry",Solanaceae
GWCA,George Washington Carver National Monument,Physalis heterophylla,clammy groundcherry,Solanaceae
GWCA,George Washington Carver National Monument,Physalis longifolia,"longleaf groundcherry, groundcherry, smooth groundcherry, Sonora groundcherry, husk tomato, longleaf groundcherry, smooth groundcherry",Solanaceae
GWCA,George Washington Carver National Monument,Physalis pubescens,"groundcherry, husk tomato, husk-tomato",Solanaceae
GWCA,George Washington Carver National Monument,Physalis pumila,dwarf groundcherry,Solanaceae
GWCA,George Washington Carver National Monument,Physalis virginiana,"field groundcherry, Virginia groundcherry, Virginia ground-cherry",Solanaceae
GWCA,George Washington Carver National Monument,Solanum carolinense,"apple of Sodom, bull nettle, Carolina horsenettle, Carolina horse-nettle, devil's tomato, horsenettle, sand briar",Solanaceae
GWCA,George Washington Carver National Monument,Solanum ptycanthum,American black nightshade,Solanaceae
GWCA,George Washington Carver National Monument,Solanum rostratum,"buffalobur, buffalobur nightshade, Colorado bur, horned nightshade, Kansas thistle, Mexican thistle, Texas thistle",Solanaceae
GWCA,George Washington Carver National Monument,Solanum sarrachoides,"hairy nightshade, hoe nightshade, nightshade",Solanaceae
GWCA,George Washington Carver National Monument,Ampelopsis cordata,"heartleaf ampelopsis, heartleaf peppervine",Vitaceae
GWCA,George Washington Carver National Monument,Parthenocissus quinquefolia,"American ivy, fiveleaved ivy, Virginia creeper, woodbine",Vitaceae
GWCA,George Washington Carver National Monument,Vitis aestivalis,summer grape,Vitaceae
GWCA,George Washington Carver National Monument,Vitis cinerea,graybark grape,Vitaceae
GWCA,George Washington Carver National Monument,Vitis vulpina,"fox grape, frost grape, wild grape",Vitaceae
GWCA,George Washington Carver National Monument,Pleurotus ostreatus,,Tricholomataceae